作者,年龄,性别,段子内容,好笑,评论
"
淡一一
",37,男,"


听说工商银行的信用卡很难办，有一天我居然收到一条短信说我有资格申请工商银行信用卡的资格了。带了身份证去办了，几天后通知我去银行拿卡，到手一看额度，我的天呐！居然给我这么高的额度！而且还有一张visa卡！听说经常刷还会提高额度，我就把这卡绑支付宝上了。而且给了媳妇让她随便刷。有一天媳妇火急火燎的打电话给我说在商场买化妆品那张卡刷来刷去提示额度不够，后来只能付现金。她说：就买了一瓶隔离霜想着刷卡可以不用自己掏现金结果糗死人了……人家还以为我是一个败家的小三呢，买个隔离霜还要刷情人的信用卡，而且这卡都
…
",418,31
"
泡丨影浮生
",99,男,"


办公室有个男生总喜欢嗲嗲的憋着港台腔，说些诸如“酱紫”“不造”这样的话。身上还搞得香喷喷的。",1613,14
"
瞅你那损样儿
",25,女,"


宿舍一个女生在阳台给男朋友打电话，貌似失恋了，哭的声嘶力竭……对面男生宿舍的一哥们儿被吵醒了，大吼到:三更半夜的哭什么啊！不就是一个男人么！明天来找哥，哥做你男人！第二天，姑娘真的找上门了！于是，这事就这么成了……然后，第二天晚上我们几个单身狗也在半夜三更鬼哭狼嚎！结果对面男生宿舍在寂静的夜晚发出一声凄厉的惨叫:哭你大爷！丑逼！

",1149,24
"
不帅但很能干的人
",29,男,"


年底了，老板跟另一个公司谈续约问题，约对方老板吃饭，让我跟着去。",18626,213
匿名用户,不详,不详,"


就刚刚收到滴滴快车通过，尼玛都好几个月了！才通过！五菱宏光 S

",152,2
"
北方狼叔
",27,男,"


以前在东北上学的时候，冬天体育课只有滑冰一个项目，上课地点就在学校后边的湖上，每次上到冰上我就担心冰会裂开，在上边瑟瑟发抖。有次我实在忍不住了，就问体育老师，万一掉湖里怎么办？老师看了我一眼，说:不是本地人吧？一米深的水冻了一米二深，坦克都能过，你怕啥！

",3391,72
"
棉花糖&
",22,女,"


地铁上两个男生聊天，高个说：我的妞儿只要给她吃的，怎么玩她都没事！",1295,10
"
蜗牛票务
",27,男,"


记得小时候，爸爸的摩托车。不管冬天的风再大，雨再冷，我们都躲在爸爸坚实的肩膀后面，温暖的就像被窝。如今我长大了，也有了自己的儿子。冬天，风又冷又大，我开着电动车送他上学，早上多冷的天啊，所以让他站在电车前面，帮我挡住寒风。有儿子就是好。

",1863,42
"
挖鼻孔的老虎
",100,男,"


同事来我家聚餐，一女同事抱起我家的猫玩，猫在她鼻子上舔了一下。",1908,32
"
郭维忠
",41,男,"


今天一朋友和我说了人奶比牛奶的优点：第一：纯天然食品，容器设计美观大方。第二：携带方便，随时随地，即可饮用。第三：温度适中，不会过热也不会过冷。第四：无需担心保质期的困扰。第五：小孩不用时，大人可以用来娱乐！想一想！还真是如此！

",329,4
"
墨子门人
",24,男,"


新买了一辆车，昨天老婆自己一个人开的，今天早晨，我老婆打电话给我说副驾驶车窗玻璃没了!问我车上有没有放值钱东西看少没少，一番折腾后，我让她立即打电话给保险公司，她又给单位打电话请假，说车窗玻璃被人砸了，要晚去一会儿。保险公司的人来了后，她不懂行怕被坑，跟我接视频，让我拿主意。要不是人家鉴定人员把副驾车窗升上来后嘴角抽搐地看着她，我也不会挂得那么坚决！

",6226,58
"
一颗葡萄°
",23,女,"


昨天和老妈聊天:别看我五大三粗的，可是我内心也是一个萌萌哒的美少女哦。我也喜欢闪闪发光的东西哦，顺便给她看看我看中的一款银饰耳环",2013,14
"
劳资没名字
",0,男,"


闺蜜因为手冷，放我咯吱窝里取暖，然后还是觉得冷。然后冒出一句…夹紧点！",1522,26
"
苍老师首席女配音
",25,女,"


闺蜜尔玉，打小就漂亮，俩颗小虎牙，一颦一笑风情万种。",1080,29
"
失落的心886
",34,女,"


第一次让你有心动的感觉的人是谁?

",162,4
"
王者荣耀终结者
",25,男,"


都别吵吵，我要宣布一件事，你们还记得2011年抢盐吗？我家今天才吃完。。。

",8278,235
"
阿·木
",100,男,"


昨天，我带着媳妇儿去朋友开的餐厅吃饭。饭后结账时朋友说: “今天你们的餐费一共580元，但是可以打五折，欢迎下次再来！”媳妇儿拿出580元说: “哦，那就按照今天的菜再来一份吧！我们打包带走！”朋友一脸的无奈，耳语我: “哥们儿！你媳妇儿在哪里找的呀？！……”

",908,16
"
不用标点符号
",25,男,"


:舅舅  我睡不着  你给我讲故事听",2648,9
"
贝格格*
",19,女,"


在男友家吃饭，阿姨做的菜贼好吃，在我准备去再加碗饭的时候，男友侄子说“阿姨，你都吃三碗了，锅里的饭你就别吃了，给我留点吧，我还没吃饱，，”",1581,27
"
科三安全员
",44,男,"


西安的都知道洒金桥吧，也就是83年左右地下水工作队盖楼挖地基，挖出来个军火库，好多长枪，手榴弹，手雷啥的，我们就在现场玩，一人捡几个回去，我一个同学在坑里爬着，把手榴弹摆一排，玩打仗，大喊冲啊，然后把手榴弹拉了弦乱扔，一会功夫公安赶到全部收缴了，，幸亏都是失效的，要有一个拉响了 不知道会有多惨

",377,6
"
狐地瓜
",28,男,"


电梯里看到一美女，内心纠结想搭讪，又不敢，偷偷从反光里瞄着美女。。。美女下电梯时候，我侧身让开，小声嘟囔了句：拜拜！ 美女惊恐的看了我一眼，捂着胸口跑了…

",3918,59
"
狐地瓜
",28,男,"


候机楼免税店，看到‘维秘’打折，给新交女友打电话问她size，准备送她套内衣。女友支支吾吾，死活不要…",1026,29
"
是你的某某
",100,男,"


哥们在减肥期间很注意自己的体重，各种控制，各种锻炼～～一晚跟媳妇啪啪完，赶紧去量体重，嫂子说：咋的，你就运动这不到一分钟还以为消耗多少卡路里呢。哥们：媳妇，主要我腿软了，感觉轻了好多，再说我还射出去三两呢

",1945,67
"
巫婆家的丑茄子
",28,男,"


村里马路边有口枯井，小时候只要一犯错，就会往枯井里躲。",1699,22
"
你好_邻居老王
",0,男,"


记得刚毕业的时候，正值秋冬交际，天冷，我窝在家里看电视。突然我妈问我：“儿子，有对象了吗？”我：“没有！”我妈：“我看电视上现在流行暖男，你也学习学习。好找个对象！”",283,2
"
冷清風
",31,男,"


刚看到征兵体检的帖子，不由得想起当初我体检那会最后一项，就是脱光全身检查的那种，跟我一组的一个哥们一听脱衣服，豪气冲天的脱下衣服，满身的纹身立刻吸引了所有人的目光，个个羡慕，称赞。给我们检查的医生瞥了一眼，淡淡的说道：穿上吧，我们部队不需要你这种英雄好汉！",1028,29
"
王云（笨笨）
",24,女,"


晚上跟闺密欣欣（我三嫂）一起看电影，回家路上，偶遇一个喝醉酒的酒鬼。",941,22
"
兜倪卐唲
",47,男,"


邻居家姑娘结婚，让她侄子拿小簸萁要了一个红包，扫车又得到一个红包。",8485,114
"
道士下山会女神
",99,男,"


参观一同事的婚房，见客厅阳台，卧室及飘窗都铺的毛绒绒的地毯，大家觉得好奇。",3856,44
"
荔荔、
",31,女,"


七岁的侄子发语音给我了，姑姑和你卖一个电吹风五块钱可以吗？我：你家里不是有吗？侄子：被傻姐弄坏了，你回来的时候帮我带一个回来，五块钱一个啵。好吧你那么可爱那么帅，我送一个给你行了吧。

",428,5
"
不帅但很能干的人
",29,男,"


刚上班时，经常和公司另外三个男同事打麻将，经常都是我输，可规矩是，结束后，赢最多的人请吃饭，输了还能有顿饭吃。",1264,15
"
天涯海风
",26,男,"


LZ在兰州拉面馆吃面，听到这样一段对话。",980,25
"
姜中华
",27,男,"


打假人王海把代言六个核桃的鲁豫告上了北京法院：说他自己喝了六个核桃不但没有成为最强大脑也没变聪明[发呆]

",2367,48
"
莫纳的世界
",99,女,"


培训分组讨论，要选个代表上台总结我们组的讨论意见，谁都不愿意上，小组召集人环视了一周说:要多给年轻人机会！谁最小谁就代表咱们组发言！",1332,12
匿名用户,不详,不详,"


老公带着别人家的老婆去旅游，而我却和别人家的老公在家折腾了一晚上没睡！",246,4
"
匿名者~无名
",27,男,"


小时候跟着老爸去稻田里干活，回家我坐在自行车后面。见到田埂的浅水里有条鱼，我没喊老爸就跳下车去抓鱼，等我把鱼抓上来时老爸以然走远。",2274,19
"
西尔、斯
",23,男,"


今天在收拾柜子时，听到柜子隔层的缝隙里有动静、就伸头过去看了我一眼，看到的情形是，一只老鼠趴在缝隙里和我四目相对、对视两秒后居然向我扑了过来，我想大吼一声把它吓回去、结果它扑进了我的口中………………等我抓到你就死定了

",1115,37
"
秋葵色
",27,男,"


很小的时候去澡堂洗澡，五毛钱一张票，结果身上翻遍了只有四毛，后来老大爷让我进去了，脱衣服时候，还有一毛从库管掉出来了！回去买了2个糖，开心了一天，还学会了新技能

",1238,6
"
你家邻居叫马乐
",34,男,"


我一个同学，去泰国游学，交了个泰国女朋友，一直很矜持，有天终于可以开房了，到酒店一看，卧槽，如你们所想，掏出来比你大系列。",4512,53
"
朝集蜜儿
",0,男,"


我们到位一个结算员，每次习惯把结算款装自己兜里，有次公司会计过来，让他把所有现金必须放保险柜，这货问会计放保险柜里丢了咋办，会计告诉他保险柜丢了算公司的，钱丢了算你的，这家伙不愿意了，还是揣兜里安全，把会计气的

",371,2
"
伶语
",25,女,"


小时候有一片老小区要整改，好多住户都搬走了。作为孩子王的我准备带大家去这片 无人区 探险。",1103,23
"
我是煮茶
",32,男,"


真事。一家人一起去蛋糕店。我妹妹已经买好了蛋糕，两岁的外甥指着橱柜里的黑色巧克力蛋糕说要吃那个。   我妹妹说：“那是 屎 做的，咱不买！”   过了几秒钟，外甥大声的哭起来，边哭边大声喊：“妈妈，我要吃 屎 啊！我要吃 屎！！...”...蛋糕店所有吃着蛋糕的客人都停止了咀嚼...

",2692,27
"
爱新觉罗.黄瓜
",29,男,"


第一次去前女友家，肚子疼上厕所时才发现，她家的厕所安装的都是马 桶，没有蹲 便 器…我硬是在马 桶上坐了好久都拉不出来，后来实在是憋急了，跑到外面找了一个公共厕所才解决问题…",1066,40
"
漠上苍狼独啸月
",32,男,"


那晚下班回家，路过小树林，听到里边有猫叫，童心突起，学着“喵”了一声，那猫立马又叫起来。然后，我们来来回回喵了好多声后，我决定去找找它。",1352,18
"
我看到常威打来福
",25,男,"


网吧的趣事。我玩YY，",247,1
"
王云是我媳妇
",26,男,"


小姨子正在读大学，就住在我们家。一天晚上，由于要应酬回家比较晚，回到家我说:“媳妇给我到杯水好吗？”没想到小姨子竟然穿着睡衣就爬起来倒了一杯水，小心翼翼的说:“姐夫，姐夫，给，那个。那个，你能不能天天晚上别打我姐……”

",1505,52
"
一颗葡萄°
",23,女,"


群里在聊遇到碰 瓷的，都在说遇到后怎么生气，要怎么对付碰  瓷的，听了半天，我嘚瑟的说:我从来都没碰到过！",1706,24
"
Tigerose_…
",23,男,"


10岁弟弟的亲身经历：",2773,10
"
苍老师首席女配音
",25,女,"


大姨：妮子，差不多就结婚吧，我像你这个年龄，你表哥都会打酱油了。",8479,95
"
墨子门人
",24,男,"


微信借几块钱？哼哼～",229,3
"
滴血的执着
",23,男,"


今天平安夜    走在大街上全是警察    十二点过后   狂欢的人都回去休息了  可是有一群人却要加班到天亮   他们是清洁工人    为了保证大家明天有一个干净整洁的生活环境    冒着十二月的严寒   要在大街上忙碌一整宿    在我们疯狂的背后   是成千上万的人民子弟兵   人民警察   清洁工人在为我们保驾护航    一个西方的节日真的值得大家如此这般吗

",622,20
"
珞珂
",23,女,"


我习惯睡觉穿睡衣睡，昨晚尝试了下果睡，结果却在梦里找了一晚上的衣服，累的够呛。",1491,12
"
贝格格*
",19,女,"


昨晚上 网看到一个帖子：男友骑单车载我，他负责蹬，我坐在横杠上握着车把负责方向。",12360,216
"
匿名者~无名
",27,男,"


升职加薪啦第一个通知女友，她让我下班后不许乱跑，回去好好慰劳我。",1752,23
"
我叫小小花儿
",29,女,"


我和闺密出去玩，刚把车停下，闺密指着车窗玻璃说你看这是什么，其实就是不知道谁在车玻璃画了一个心连心的图案，我直接脱口一句：卧槽，一箭穿心！当时闺密笑疯了！闺密说人家女的不应该是说哇，心连心唉，你到底是不是女的。。。我竟然无言以对

",368,18
"
匿名者~无名
",27,男,"


妹妹要出去玩被老妈喊住，留下来跟着她学炒菜，妹妹极不情愿地撅着小嘴听着老妈讲解。",2497,18
"
南九
",102,男,"


咯咯咯……",2618,37
"
哇塞～桃宝
",23,女,"


大学宿舍六个人，只有一个不是平胸，因为颜值还算可以，别的宿舍都叫我们:5A级景区。",5154,116
"
(糗名昭著)~魅儿…
",28,女,"


最近乔迁之喜，找货拉'拉搬一堆货物，要价三百多，想想朋友有车，就花了七十块钱请他吃饭，想让他帮忙拉一趟。",2543,42
"
无所谓没关系
",33,女,"


有次去旅游，爬山，到了山上看到有摆摊卖黄精的，因为看了修仙小说，就打算买点，问价格3元。就挑了好多，准备结账了，人家告诉我要300多。我惊呆了，人家告诉我是按克算的。我赶紧解释，没那么多钱呢，人家就挑了些出来，说就这么多可以吗？我掂量了下口袋里的钱，最后买了一个。赶紧结账走了。。。。

",263,4
"
花开彼岸待红颜
",28,男,"


去饭店吃饭，其中有一盆炖羊肉，有筷子划拉两下，特么的羊鞭占了小半。",1084,28
"
Li绝了
",22,男,"


今天去楼下小超市买东西，花了16，给了美女收银20，她问我有一块吗！我掏出一个一块的钢蹦给了她，然后……她又找了五个一块的钢蹦递给了我…[流鼻血]

",1146,30
"
裸奔飞天牛
",30,男,"


初中的时候是全封闭学校，只能吃食堂。实在吃腻了，就和小伙伴约定周一带锅碗瓢盆，偷偷摸摸的涮火锅。",3919,28
"
老巫婆～～
",13,女,"


跟老公吵架吵不过他，我气急地吼道：“我要揍你！”",1635,36
"
tomato’s娘…
",44,女,"


晒黑玩完游戏跑被窝里把他的大冰手揽我肚子上～冰冰凉心飞扬～我喝他：把你的手拿开 ，黑咪咪笑着，色色的盯着我说：咸猪手？是不是咸猪手？fuck黑。

",193,0
"
duan冰
",31,女,"


一大早去医院换药，",1291,30
"
一颗葡萄°
",23,女,"


签完单客户开车走人，看着车子启动，忽然想到降龙十八掌了，脑子一抽，学起了里面的手势，轻声叫道:降龙十八掌……看着车子随着我的手势缓缓后退，",7388,72
"
二.狗.子
",29,男,"


初中没毕业就下来了在市场卖菜，有那么几个开饭店的常常来买。有一天，那边也卖菜的阿姨过来悄悄和我说:孩砸，咱这菜卖一块钱一斤挣得太少了。咱卖一块二吧，多整点不行吗？",4436,53
"
Tigerose_…
",23,男,"


昨天凌晨打顺风车回家，师傅全程开30。",2285,40
"
我家有只大猪猪
",32,女,"


昨晚拿了颗糖逗一岁八个月大的果果妹:妹妹，你叫我一声，叫我一声就给你吃…",327,1
"
追 梦 者
",31,男,"


上小学的时候，跟六哥一个班，我们两个都是学渣，垫底小王子。",1137,21
"
王八与蛋
",32,男,"


去年圣诞节，女朋友不知发什么疯，竟然让我去弄一颗圣诞树回来。我到超市看了一下价格，简直坑爹啊！我没有办法，于是换了一个女朋友。哎！就当作是给自己的圣诞礼物吧！

",990,14
"
叁界见愁
",31,女,"


''男人没一个好东西！''",1552,28
"
不帅但很能干的人
",29,男,"


加班到深夜，路上买了宵夜准备回家吃，有油沾到手上，用纸擦后，脑抽，居然把宵夜扔进了路边垃圾桶！",1446,14
"
造人建设(集团)
",27,男,"


今天送货给老客户，验货是一个五十多大叔，和一个女孩子，经常送货早混熟了，讲话也随意了，那女孩子见我就问:“你开包了吗？(意思是货有没有被打开过包装)，”我回到:“还没开过包”，大叔你笑得那么开心干吗?是还没开过包啊！我才想起刚才的对话哪里不对!!!           哎哎。。。。。别笑了。

",547,3
"
贫僧法号*好色
",27,男,"


看了那么久的糗百，发现的问题挺多的！有:1.认识一女孩，她说过521就见我。",462,7
"
江山未老红颜旧
",32,女,"


我刚知道怀孕的时候，超市买的一袋四包的卫 生 巾还没开封，就送我弟媳妇了。",3470,100
"
吃了两碗又盛
",38,男,"


儿子忘带感冒颗粒了，中午我去给他送，看着他保温壶里满满的水不知道该怎样冲药。儿子说:直接放壶里冲不就行了吗？",2506,38
"
吃了两碗又盛
",38,男,"


媳妇换上新买的黑衬衫，问我好看不。我仔细看了看，这款衬衫没有花哨的装饰，但看起来干净利落，就答道:好看，像白领。",2127,26
"
造人建设(集团)
",27,男,"


公司养有了条一小土狗，平时不拴的，也不到外面跑，有点灵性，养了好几年，值班员的是两个人，前天两人为争狗的所养权吵的脸红脖子粗，狗就在旁边，一会儿狗自己走了，已经三天不见狗回来了。。。。你们俩吵狗会怎么想呢？

",433,7
"
偷惢
",27,女,"


跟师父虽然相隔万里，但性格口味出奇的一致~",1566,52
"
Tigerose_…
",23,男,"


同学19岁，发了个朋友圈，言简意赅，如下：",1406,16
"
我是煮茶
",32,男,"


我小时候跟我二叔走在巷里，那时村里很多人在屋前种番石榴。",3543,19
"
王云（笨笨）
",24,女,"


给爷爷打电话，问爷爷晚上想吃啥？我下班去买菜。",3379,62
"
对方正在偷人！！
",32,男,"


我哥们儿是个特会算计，特会过日子的人。。因为洗浴老板说4.1号之后，小保健涨100块钱，所以他怕会员卡贬值，一晚上做了五个。。。现在我在去医院看望他的路上。。。。

",295,3
"
公子鹭留
",23,男,"


这两天便秘，就问我妈：“妈我为什么总是便秘？”我妈瞅着我说：“因为你在我肚子里吃屎了。”",1768,7
"
偷惢
",27,女,"


害羞的告诉闺蜜，昨晚喝酒把男朋友喝吐了～",1502,47
"
我是煮茶
",32,男,"


年底了，公司评选优秀员工。陈总也说有我的份。    我正开森时，徐工在办公室跟人打赌，说如果我不是优秀员工，他直播剁 吊！整个办公室都沸腾了！    前天，陈总找我谈话：“今年优秀员工你先让让别人，我就想看看徐工怎么剁那玩意...”今天结果出来，徐工评上了，我没份...

",914,24
"
王八与蛋
",32,男,"


公司新来的女同事老是戴着口罩，其实见过几次她摘口罩喝水，样子还是挺标提服的。我就在想她可能是有虎牙兔牙之类的困扰。直到看见她去参加体检时，医生让她摘掉口罩张口检察口腔时，从她嘴里呼出的气体顿时让房间里的空气污染指数爆表啊！！！

",961,11
"
市井情有小民
",29,女,"


前一个月在我妈家养胎，半夜两个狗狗叫了一夜没停，基本一夜没睡，白天起来了，看到狗狗特别生气，它还打瞌睡，东倒西歪的坐都坐不住，我就逗它，只要它一歪头，我就去晃它，愣是晃了半上午，狗看到我都躲着我，它想睡觉，因为它又困又累！后来我觉得它看我的眼神都不对了！哈哈

",321,11
"
还君明珠双
",37,男,"


女儿非常挑食，我想要改掉她这毛病，于是吃饭的时候给她夹了一片猪心，严厉的告诉她必须吃掉。这时老婆在边上劝导:你爸也是为你好，这可是你爸的一片心哪。

",1236,10
"
沙漠冷蛋
",24,男,"


我在玩游戏，合租的哥们接了个电话后扯我起来：快快快，赶紧收拾一下。",13627,117
"
张呗呗丶
",100,男,"


下午去洗澡，大众的！洗完出来、看见一3，4岁的小姑娘哭的眼泪哗哗的！她妈妈正给她穿衣服！旁边还有一个7，8岁！大概是她姐姐！看她一直哭，来了句：洗个澡哭了俩小时！烦不烦、跟死了妈似的！我看见她妈满脸黑线！周围人憋到内伤！！

",4184,17
"
初音！
",0,男,"


坐地铁的过安检的时候，带饮料什么的通常会叫我们喝一口。那天过安检的时候！前面是一个萌妹子，手里捧着一杯奶茶，到他过安检的时候！工作人员对他说到:喝一口！只见妹子往怀里紧了紧，喊到：“才不给你喝呢，要喝自己买去！”当时整个安检口就炸了

",2312,24
"
我还是从木星来的
",25,女,"


跟闺密一起买了奥利奥蛋糕，路上边走边吃，忽然她停下说，你脸上一个奥利奥，我就纳闷了，我怎么还能把奥利奥吃到脸上，她走近一看，哦哦哦，不是奥利奥，是脸上的黑瘸子。。我。。

",239,12
"
感情会员
",44,男,"


老公喝的醉熏熏的回到家，看到怀孕的老婆在床上躺着。",1564,17
"
晓颜诺诺
",27,女,"


快递打电话过来，说他车坏了，让去小区外面的马路上拿快递，我让老公去了，过了好久还没回来，我给他打电话问怎么回事，老公在电话里嚷嚷：出来才发现，送快递的是我同学，他车坏了，我正开着我们家车给他送快递呢…

",13462,112
"
浅墨夏未央
",27,女,"


我带着女儿去果儿家做客，她很高兴，带我们去游乐场，逛超市。快到中午了，她说要请我们吃饭，拿手机搜了半天 也没找到合适的饭店。",1941,14
"
症迫强有滴读着倒
",31,男,"


哥嫂一儿一女年龄相差一岁，跟媳妇结婚时赶上小侄子出生。",940,22
"
日出菊花红胜火。
",25,男,"


刚才去学校澡堂洗澡，搓了两下不小心把下面搓起了生理反应，特别尴尬，着急捂住，怕被其他男生看到。结果偷偷看了看周围其他人的丁丁，发现我的丁丁硬了也和他们的常态一样大，根本看不出来～于是长出了一口气，轻松愉快地洗完了澡～

",652,17
"
二.狗.子
",29,男,"


刚毕业那会。都没什么活干。我们几个关系较好的同学隔三差五就得喝一顿。那天晚上六点多。我们又聚到了一起。唯独缺明哥。哦对了。当时就他有个活。在某小煤井上班，还是个小班长。包工头是他爹！打电话给他。说不来了。上班呢。结果我们几个轮流给他打电话。然后他感动了。觉得同学情太重要了。将近五公里跑步顶雨回来了。进屋的那一刻我们的眼睛湿润了。那一天我们喝的天昏地暗。那一天我们喝的沟满壕平。那一天我们喝的情深义重。那一天我们喝的壮志豪情！大家心里只有一个概念。同学情太深重了！！",435,4
"
老巫婆～～
",13,女,"


跟老公谈恋爱之前他都是称呼我死胖子，跟老公确定恋爱关系之后，他说要改称呼，叫亲爱的或者宝贝吧～",2785,41
"
伶语
",25,女,"


闲着没事用自己的照片给自己做了个手机桌面。老妹看到后说：姐，你这手机桌面真好看！！不等她说完我赶紧炫耀：废话，花了我半小时，用了6个P图软件！！…………老妹一脸惊讶地说：什么？这是你？

",4018,79
匿名用户,不详,不详,"


有个朋友是瑜伽老师，告诉我说：好多女人咨询瑜伽的事，她费尽唇舌想让她们报名，结果她们还是犹豫，然后她就把咨询的女人拉到一边，神秘兮兮地说：练瑜伽还有一个功效，就是能让你更紧啊。她说，女人听到这个话后，都是眼珠子放光，毫不犹豫地掏钱学了！

",2458,41
"
美丽的大娟
",26,女,"


早上和老公从起点坐车，人不多，都有位置，为了方便下车我们坐在公交最前面，我坐在他前面的位置，后来人多了，一个打扮的跟妖精一样的女人，假装刹车的时候坐到老公腿上，气的我不坐位置，做老公腿上去了，结果她坐我的座位去了，这为了抢个座位也真是够拼的

",311,8
"
胖虎不胖只是壮
",19,男,"


大学想学美术 ，老爹不同意说我没有艺术细胞。可是小学五年的奖状都是我自己画的 你看出来了吗[哀怨]

",7844,126
"
二女子、
",99,女,"


老爸惹老妈生气了，老妈一直黑着脸，全程不理老爸，我看着气氛很紧张，就说，妈，走我们逛街去，给你买好吃的！",1303,22
"
二女子、
",99,女,"


病房里输液，有个病人嫌我慢了说，你看跟你一样高的那个护士动作多麻利，你就不能快一点吗？",2111,23
"
兜倪卐唲
",47,男,"


给表妹介绍一对象，见面前，表妹是模拟多次、精心准备一番，结果是无功而返。",1228,22
"
大龄单身男青年1
",26,男,"


亲去了，妹子说有点冷。我说冷就冷着吧[发呆]我衣服太脏了。没法给你穿[囧][囧]。。然后送妹子回家以后打电话就不接了。微信也不回了。唉。。。

",399,15
"
林晓九的忧伤哥
",28,男,"


小侄子下楼梯时推我哥，哥告诫他：下楼梯时不能推别人，很容易摔倒！",2851,37
"
贝格格*
",19,女,"


闺蜜儿子从幼儿园回来直接跑去厕所，过了一会，很沮丧的说“妈妈，我该减肥了，，”",4580,35
"
不语、笑红尘℡
",27,男,"


老妈买了份保险，昨天保险公司邀请老妈去棒约翰披萨店参加亲子活动，说是必须带自己孩子来参加，老妈说带我去免费吃披萨，出发到了现场一看，都是父母带着自己上幼儿园的小朋友。而老妈看着二十多岁的我，说了句：帮你弥补下童年遗憾……

",967,11
"
狐地瓜
",28,男,"


心血来潮去洗牙，人家医生检查了下，说有牙结石，可以洗洗…我问医生，这个牙结石是不是平时喝的水质不好？医生笑笑不语。。",2942,61
"
一笑天荒
",35,男,"


高中时数学老师超级牛，第一次上课拿了一副牌进教室，给每人发一张，要求大家记住自己的牌。之后他每天上课都带着那副牌，在讲台上边洗牌边上课，时不时丢出两张淡淡道：“方块4和梅花J上来做题。”

",476,11
"
坐在窗边看风景的芊…
",84,女,"


前段时间，老妈养的几条大锦鲤生病了。老妈又是换水、又是买药，总算救活了一条……",3540,39
匿名用户,不详,不详,"


给一女性朋友充了三百块钱的话费，说好第二天给我的，现在有几百个第二天了吧，还没给我，我要不要把她叫出来干她一   炮当抵债呢

",2879,146
"
坐在窗边看风景的芊…
",84,女,"


一服装店里的衣服时尚又漂亮，楼主一口气挑了三件大衣、两件毛衣。楼主掏出钱包对漂亮的老板娘说：买单！",1662,37
"
大漠孤雕
",30,男,"


自从恢复单身后，单位上几位大姐就念叨着给我介绍对象。今儿沈姐专门喊我过去问道：“XX，你现在有固定女朋友没？”",3187,39
"
肖　芳
",20,女,"


冰壶比赛结束，颁奖。奶奶看着我，说：娃呀，三百六十行，行行出状元。你看，刚才那两个搓地板的，把地板搓得多溜光呀，后面那个夜壶都打滑了，人家也拿金牌了！

",584,9
"
好像长了翅膀
",47,男,"


地上有五块钱，我想弯腰捡，但是怕别人发现！于是我掏出钱包，拿出两张一元钱，故意掉一张下去----我接着面不改色心不跳地弯腰下去。",1611,12
"
王云（笨笨）
",24,女,"


晚上，爷爷和老爸喝酒，都喝多了……",1456,33
"
ぃ动感超人お
",22,女,"


昨天晚上做一噩梦，梦到自己暗恋已久的男神结婚了… 经过深思熟虑，我决定主动出击！  ",1432,10
"
哇塞～桃宝
",23,女,"


高数真的特别难，想当年考试的时候，考试时间过去一半了，大家的试卷都还是空白的，监考老师转了一圈，叹了口气把考场的屏蔽仪拔了，然后默默的离开了考场…………

",3166,70
"
没我毛病
",24,男,"


说一真事，发小当兵回来和一个青梅竹马的女孩结婚，婚礼上发小在新人，致辞的时候发小没说一些感谢父母的话，而是说：如果国家没有给我发来文件我会一辈子陪着你如果国家需要我，我得心一辈子陪着你，这是我对你的保证。一点也不糗不过我服了

",441,7
"
情思远方
",39,男,"


刮胡子:…本人有点小胡子，长的不快也不慢，一般三到四天刮一次。结婚后和老婆有了暗号。谁想晚上啪啪，就说刮胡子。比如我想要了，我就说老婆我今晚把胡子刮刮。她就知道了。她有那心想要，就会对我说老公你胡子能刮了。我也有数了。前天和老婆在朋友结婚酒店吃酒。喝的有点高。新娘夫妻来敬酒，看新娘性感美丽，突然有那个念想，对老婆说:老婆我今晚回去把胡子刮了吧。老婆对我说昨天晚刚刮，今天来人了。不刮了。边上朋友向我看看，说:你那里有胡子。我这才是胡子呢。我看看朋友一脸络腮胡子。心里全是TMD关你什么事。

",426,6
"
巫婆家的丑茄子
",28,男,"


春节期间，老爸 妹夫 我三个人在家喝酒，喝的那是一个天昏地暗。",1683,17
匿名用户,不详,不详,"


看完电影因为晚上吃什么跟老公闹了点别扭，他去推电动车，我不理他自己往家走，结果走了10多分钟他既没追上来也没打电话，我忍不住哭了，忽然想起刚才在影院手机静音了，拿出手机就接到老公电话：“你跑哪去了！？附近的麻辣烫，肉夹馍，烤串，米粉店我都找遍了也没看到你！”

",2620,47
"
大灰狼也有爱吖
",20,男,"


上小学时学校要交钱，问老妈要了50元，但是当天老师没有收，放学路上看见商店，没忍住买了几块钱，回家以后老妈问：钱交了吗？“今天没收”“那钱没掉吧”“掉了3块钱”好长一段时间我都不明白这么好的谎言怎么会被发现，上次用的时候老妈还不打我啊！

",2169,13
"
我1秦始皇1打钱
",22,男,"


刚才玩王者用的杨戬，打到一半对面小七突然来一句：朋友，看好你的狗。把我笑翻了

",251,5
"
鲜味咸蛋
",25,男,"


三岁半的小侄子从农村老家来，我教导他做人要讲卫生，耙耙一定要拉在马桶里。",2057,15
"
伯爷公
",33,男,"


一个不到20岁的小伙子到医院做结扎手术大夫问：""有孩子了吗？""""我们村就我没有孩子。""""结婚了吗？""""我们小伙子村就我没结婚。""""那你为什么要结扎？""小伙子战战兢兢的回答：""为了响应政策，我们村的男人都结扎了，就剩下我了，这要是谁媳妇怀孕了，我担不起这责任啊！

",5401,39
匿名用户,不详,不详,"


昨天晚上准备睡觉，割。。。。。。。",1440,38
"
喵(^_-)※
",13,女,"


表嫂二胎刚怀孕，表哥高兴坏了，出去溜达一圈，买回来好几种奶粉，，表嫂：这才刚怀孕，你就买奶粉是不是早了点？",2446,62
"
GG不渴
",0,男,"


有一次我爸早晨去遛狗，我晨跑回来刚好碰到了他们，我爸就把手里的一整屉小笼包给我了，说他吃不完让我吃掉。",4235,72
"
傻妞也
",97,女,"


公司外地客户来访，三个四十岁左右的猥琐男，老板问他们晚上什么活动，客户说想唱歌！老板叫来我公司刚入职88年男助理，给他一万现金，说多退少补。这孩子带着仨大老爷们去了KTV！第二天退给老板9602！自豪说：“三小时中包398送果盘！他们仨也不爱唱歌啊，净我唱了！”

",1521,48
"
喵(^_-)※
",13,女,"


……晚上加班突然接到闺蜜电话，说她车子爆胎了，让我赶紧去帮忙！",1389,25
"
帝国守卫
",83,男,"


我叔说他当兵的事，真事，",1363,17
"
晓颜诺诺
",27,女,"


儿子买了两只小鸭子放在阳台上养，整天宝贝得不得了…",1480,24
"
馨馨可爱妹砸
",29,女,"


闺蜜去吃饭喊了一句老板一晚多少钱，吓懵了我也吓懵了老板

",238,2
"
萌宠控ing
",28,男,"


同学聚会，一同学特别嘚瑟，说自己开了多大多大的公司，手下养了多少多少人！嘚瑟到整个大厅都容不下他！半路他看到一条信息，转头就走，还嚷嚷着要结账，我们班长把他拦下，因为我们提前说好的AA，他扔给我们班长一百就撤了，酒过三巡，我们都喝大了，班长提议别开车了，都打某滴，所有人都送走，就剩我和班长俩人，我们的某滴到了一看司机就是刚刚吹牛开了大公司的同学……

",1642,46
"
吃了两碗又盛
",38,男,"


几个同事在一起做事，突然一哥们跟妹子开玩笑说:你昨晚不是这发型啊！",1898,32
"
放飞的柔情
",30,女,"


与一个闺蜜聊天，她怀孕五个月了，问我：姐，怀孕期间能不能啪啪啪，老公憋坏了。我答：你已经五个月了，很稳定了，可以做的，可以侧身做，或者站立啊，别太激烈，也别太深入，要不然可能对胎儿有影响。闺蜜：那就不怕了，深入，他做不到。

",1488,47
"
一颗葡萄°
",23,女,"


老板今天忙了一天，回来跟我们说他今天差点累死了，跑了四万多步！顿时惊叹声四起！",1296,17
匿名用户,不详,不详,"


第一次去公共浴室，洗完澡，就看到那些男的上楼了，我就跟上去，结果一个穿着暴露的女孩子摸了我一下，拉着我的手就上小房间了，特么的，没想到这么突然啊，我要报警，为什么鸡店哪都是，洗个澡都这么多特殊服务，，，，，，，，，，，

",395,10
"
二女子、
",99,女,"


老爸前段时间做胆囊结石切除手术，术后医生把结石拿出来给我们看，我拿了个口袋装着，想着等老爸醒来看看！",1400,18
"
狐地瓜
",28,男,"


去海鲜市场，看老板娘长的水灵，问她家：虾好不好？老板娘随手捞起来一只说都是活的。  看着捞起来的虾动也不动，老板娘捏着虾尾巴，抖啊抖…",1675,33
"
楚北城°
",27,男,"


今天过路  听路摊对话  。。这衣服多少钱？70  ！这么贵 30！ 于是卖家说 呦。送你了！ 于是那女的拿着衣服说谢谢 走了  老板楞了 一圈人都楞了

",4213,19
"
情思远方
",39,男,"


我和妻子是别人介绍认识一月就结婚了，婚后她认真对我，勤快孝敬。可我们没有共同言语。就这样过了几年。人家说七年之痒。可我七年后越来越离不开她。如果那时她真的离开我，估计我也不活了。感情真的可以培养。我才知道以前很少有离婚的。都是后天培养的。刚开始是迁就，后来有了感情，质任

",1681,60
匿名用户,不详,不详,"


谁能说说洗浴中心大保健的流程啊？没去过呢，在线急等。。

",192,6
匿名用户,不详,不详,"


想哭，不知道和谁说。我是家里第二个丫头，上面一个姐姐，下面一个弟弟，俗称为嫌屋头。快结婚了，我妈说嫁妆买好了，统共买了四床棉絮，还没有床单被套的那种。然后和我说摆酒要请多少人，买多少菜，让我拿钱。还让我老公拿十万出来做彩礼，说我又不要你的钱，我给你存起来，过个五六年，再给你。想想真觉得自己不是亲生的，从怀我的时候，就去找算命的算过了，说我是个男孩才生的我。我有个没见过面的姐姐，怀五个月发现是女孩，流了。从小就没穿过新衣服，经常穿姐姐，表姐，堂姐的旧衣服，有回好不容易做了条新裙子，很高兴，正准备早
…
",426,60
"
你爱我吗，爱
",0,男,"


最近不是出了一个女孩用自杀逼自己父母不生二胎的，自从我弟看到这个新闻后就对我很好了，零食分我，也不抢我电脑了...我就问他为什么?他说感谢当年不杀之恩。。。。。不杀之恩...

",2951,10
"
二女子、
",99,女,"


休息无聊，被同事拉去晒太阳，期间同事提出打牌，我连忙摇头，不要，我不会！",4572,63
"
伶语
",25,女,"


楼主有时会称呼老公为哥哥，不知道什么时候开始的，时间长了就习惯了，刚刚老公过来送早餐，习惯性的说了句，谢谢哥哥，你真好……",2785,60
"
武术老公
",32,男,"


本人特别黑，今天中午去转转（女朋友）家吃饭，第一次去。",444,6
"
不用标点符号
",25,男,"


小时候   爷爷在家打席(芦苇编制的)  ",1776,26
"
王云（笨笨）
",24,女,"


爷爷以前是开饭店的，今天爷爷的一个朋友赵爷爷来家里找爷爷……",1161,21
匿名用户,不详,不详,"


好长时间没给儿子买汉堡了，今天德克士会员日买一送一。和老公去吃，回来帮他带了一个，儿子放学回家告诉他有汉堡，他竟然说，今个太阳从西边出来了，不过说话时有着莫名的喜感

",1039,7
"
偷惢
",27,女,"


前几年，特别流行丸子头，自从婚后就没扎过了~",4708,45
"
细嗅胖香
",39,男,"


火车上，上车是站票，后来加价补到了硬卧车铺。拖鞋，躺下，爽。环顾四周，对面铺是一对小情侣，女孩盖着被子，和男友说着我听不大懂的地方话，语气看出有点小争吵，女孩似乎有些心伤。一会，他男友出去了.。女孩被子盖得只漏出眼睛，和我的目光正对，我撇开，一会再看，和她又对上眼了，她的眼光有些哀怨。我心如鹿闯：是我有些小帅，我有些糊思乱想。一会，她男友回了，她对她男友贴耳说了什么，她男友走到我跟前说：“哥，能不能把你的脚裹住，这味太重······”

",311,3
"
不帅但很能干的人
",29,男,"


昨晚，邻居送来一个榴莲，家里没有人吃榴莲，我妈打开后，就搁在餐桌上。",2401,13
"
%%竹无心
",23,男,"


老婆恐高，但又想去走玻璃天桥。我就带她去了，才走了一步，她就吓的死活都不肯走了。一个劲儿的求我：“老公，咱不走了，老公，回去吧……”",4855,35
"
晓颜诺诺
",27,女,"


晚上和闺蜜一起逛街回来，刚下车闺蜜就一路小跑，我在后面追着问：你跑什么呀…",2828,44
匿名用户,不详,不详,"


五岁儿子晚上自己尿尿完。还没啦上裤子，跑来我面前，手拿小鸡鸡笑着说。妈妈你看我这里怎么有俩个豆豆。该怎么回他了。我只会说不是豆豆是蛋蛋。。呵呵他能理解吗？^O^

",1435,32
"
洛洛，我是洛洛
",28,女,"


以前周末的时候早上比较懒，总喜欢耍赖让老公帮忙洗脸，一直觉得毛巾有点不大对劲。直到有一天，我发现他洗完澡之后还会拿毛巾擦JJ跟屁屁。。。

",333,34
"
偷惢
",27,女,"


小时候特别调皮，稍微走远一点路就闹着要抱抱。时间久了，父母对我这招都免 疫了，任由我去闹～",4678,58
"
王云（笨笨）
",24,女,"


朋友问我：年底了，去女朋友家见家长带什么最好……",1592,27
"
挖鼻孔的老虎
",100,男,"


小外甥的幼儿园举行化妆会，我用纸皮做了把假镰刀给他，再让他穿上黑色的雨衣……",19195,135
"
轻狂丶天骄
",22,男,"


半年前一个胖胖女孩追我，现在瘦了二十斤，就走了。理由是：听别人说你厉害，都能把人整瘦了，谢了～",1038,29
"
连云夜雨
",37,男,"


和老婆吵嘴了。饭桌上她一直沉着脸，气氛有点局促。",2718,59
"
厨子～
",23,男,"


有一战友特别爱吃辣，昨天小聚点了一份铁锅柴鸡，现杀那种，点菜之前特意嘱咐老板多放辣，等菜上来以后问老板多放辣椒了没，老板擦了擦红润的眼睛，说:兄弟啊，我就这么跟你说吧，这鸡都不是杀死的，是直接辣死的…………

",8818,41
"
上凹下凸
",78,男,"


朋友最近迷上了推理……到了表哥家，看到见桌上摆着一盒面膜，于拿起面膜仔细看看对表哥沉声道：你最近好了一个女朋友……喜欢玫瑰香味，不太拘小节，天秤座……表哥不好意思的说：我最近做微商的，如果你喜欢这盒面膜按成本价八十卖给你可好？

",1161,12
"
一颗葡萄°
",23,女,"


男同事要去女朋友家见父母，心急火燎的让我们给他支招！经理说:见丈母娘，第一得嘴甜，想当年我去媳妇儿家，进门就妈啊，妈 的喊着，俗话说丈母娘看女婿越看越喜欢，叫习惯了就好了",5569,27
"
你家邻居叫马乐
",34,男,"


研究生刚入学第一次班会，大家在做自我介绍，王小翠开的场，她是这么介绍的：大家好！我叫王小翠，来自兰州，本科毕业于甘肃农大，以后大家就叫我小王吧……

",1061,16
"
雨太大了看不清
",19,女,"


看到大家都在说 和爱人之间的有默契的事 我也说一个呗 我之前上高中的时候喜欢一个人男生 然后有一次放学的时候 我们两个声音一起响起 他问“我们晚上吃什么”我正好说的话是“我们晚上吃牛肉汤吧”

",221,3
匿名用户,不详,不详,"


我们公司双十二忙不过来，请了批兼职。",418,18
"
易燃易爆炸～
",21,女,"


听到一个男的跟另一个疯狂夸耀自己新买的电热毯，超舒服超暖和整个春天仿佛都是他的早上根本起不来……另一个男的羡慕地说：真好啊，我每晚都要抱着女朋友冷的颤抖好久才热起来……电热毯男忽然就沉默了。。。。。。

",2101,24
"
又飘又奇葩又胖又香…
",100,女,"


火性低总是做噩梦，我姐给我说，夜里睡觉别蒙着头就好了，我不解，我姐继续说:“你把脸漏出被子外面，避邪，，”

",1664,50
"
王八与蛋
",32,男,"


以前读书的时候，宿舍里有人恶搞，拿着没洗的袜子放在宿舍门上充当圣诞袜讨要礼物。没想到第二天早上，袜子里竟然有个苹果。结果大家都嫌恶心没有人去拿那个苹果。然后这个苹果就这么放着。岂料第三天早上，打开宿舍门时，看见舍监口吐白沫的趴在地上，手里拿着一个被咬了一口的苹果……

",989,12
"
暮凉、北城
",20,男,"


大姐买了新的裤子，据说特别显瘦，她穿上开心的转圈圈，问大姐夫“裤子好看不？”",4104,55
"
巾帼英雄小木兰
",68,女,"


吃完饭跟我弟吵架了，他骂不过我就说我是猪生的那么胖，我也回骂他你特么才是猪生的，两个人越说越起劲……",3941,44
"
不帅但很能干的人
",29,男,"


高中同学聚会，见到了以前同桌那漂亮女同学，当我俩闲聊后，得知双方还是单身后，互留联系方式，约好改天再见面！",2605,30
"
叶隐孤城
",33,男,"


早上刚吃完早餐，有点辣，我就喝了一大口热水，因为还有点烫没吞完，然后我弯腰拿东西的时候，就像流口水一样流了点出来，对面的美女当时就乐出声了，还吃吃的不停笑。你…你能别再笑了吗？我真不是垂涎你的美貌啊！

",2801,20
"
偷惢
",27,女,"


下晚班跟同事走在漆黑的小路上，突然后面出现个黑衣的男子，经过我们身边摸我屁股一下就撒丫子跑了......",2620,35
匿名用户,不详,不详,"


本人电瓶车被偷，报了警，警察让我回去等消息，总感觉没有希望找回来，于是带着吃的喝的在公安局蹲守！妈蛋，谁能告诉我怎么追回我的车？

",299,29
"
曾是惊鴻照影来
",85,女,"


昨天下班回家，老公给我一条丑巴巴的围巾，说是网购给我的礼物。我看了看垃圾桶和大门口",913,1
"
庙里的老和尚
",12,女,"


因为深知晚婚之苦，遂要求儿子以后要早点结婚。",923,6
"
红尘一笑醉红颜～
",98,女,"


楼下美发店集体出去学习了几天，回来老板说背涨的难受让我给拔下罐，我想着出去这么多天肯定都累，于是吆喝了一声：背不舒服的都上来拔罐了，结果八九个小伙子蜂拥而至，全部上衣脱掉打上罐，趴着的，站着的，坐着的，还有像铠甲勇士一样背着罐走来走去的，那场面是相当的壮观.....

",1138,14
"
贝格格*
",19,女,"


表弟结婚，晚上去闹洞房，一群损友让表弟两口子当场舌吻，表弟腼腆，表弟媳妇东北姑娘，虎的一比，抓住表弟脖领子，嘴凑过去就亲，正好被端水果进去的舅妈看到了，，舅妈捂着眼睛一直说“我啥也没看见……啥也没看见。。”

",1642,23
"
吾，字辉
",33,男,"


糗百这东西不能在吃饭的时候看，要么是喷了要么是吐了……看糗百的时候就不能愉快的吃个饭。

",235,1
"
颤抖的萝卜
",27,男,"


新鲜出炉，公司派我去昆明出差给我买了张机票。机票哎，27年了第一次坐飞机兴奋的不要不要的有木有？。昨晚早早就到了机场附近住在酒店兴奋的睡不着。后来睡着了，醒了之后我发现我已经错过了自己的飞机。现在我蹲在机场门口反省人生已经反省到8岁偷看隔壁王寡妇洗澡了。

",1780,26
"
珞珂
",23,女,"


小学同学小聚，一起去相约去泡温泉。",2020,48
"
我是煮茶
",32,男,"


以前网络没普及，但有音像店可以租碟，我去租星爷的电影看。  旁边来了一个小伙：“老板，有没年轻人看的片！”   老板：“要日语的，还是英语的？要什么剧情的？”   小伙：“全程不要说话就是怼的那种，我租的木板房，隔壁那小两口夜夜闹腾搞得我睡不好！我今晚放放片，对他们压制压制……”

",3726,58
"
阿·木
",100,男,"


以前我和媳妇儿吵架都是面对面的吵。结果不是大打出手就是一方离家出走。现在我们吵架升级了！为了吵架我俩单独设立了一个群，每次吵架都约到群里吵。吵到最后总是以一方被踢出宣告吵架结束！！！[哈哈][哈哈][哈哈]

",9804,116
匿名用户,不详,不详,"


暗恋好久的女生昨天晚上跟我说，",337,3
"
流星，音晴未雨
",28,男,"


和文员妹纸坐对面，刚刚伸腿没注意踢到她的腿，道了歉赶紧岔开话题：圣诞，平安夜，咱办公室一点气氛都没有。",2383,30
"
胖～大～叔
",99,男,"


初一的语文老师有个绝招叫“剃头”，就是按住你的头，然后大拇指从耳根向上挤压着挪动，你的头发就像被一根根拔起，很痛很痛，又不留痕迹。",1462,21
"
不用标点符号
",25,男,"


小时候在家玩炮仗  被母亲打    到饭点了   母亲:累死我了  打的手疼   中午不做饭了   跟我到你外婆家蹭饭去   到地方不许哭   (我家离外婆家相隔三节地)",3250,112
"
～夙卿\\\\
",20,男,"


楼主写字相当丑，丑到什么地步呢！",1691,13
"
小雨yxy
",24,女,"


本人是佰和公司的一名客服，刚开始上班的时候比较紧张，有一天给英特公司打电话，结果一紧张就说成，你好，这里是英特，请问你们是佰和吗？正当我感到很尴尬的时候，对面淡定的说了一句，是的，我是佰和，请问你找哪位？

",340,11
"
%%竹无心
",23,男,"


生活二三事之段子手日常（一）",1795,66
"
静丨观百态
",100,女,"


我家逗逼给我发圣诞节红包刷屏，一个字一个红包，结果我一看标题连起来是：圣诞诞快乐！",3037,61
"
半尘临
",23,男,"


骤然明白什么是现实，现实就是非名人或富豪别做好事，因为你没资本被讹，也没资本请人洗白……",1158,27
"
三世天堂2
",37,男,"


上初中那会有个政治老师，爱喝酒，爱打牌。",1341,13
"
嘿，逗
",29,女,"


虽说糗百是个无节操的社聊工具，但也不能口出黄言！

",175,2
"
挖鼻孔的老虎
",100,男,"


刚认识老婆那会儿，她说：“我是个慢性子，你别啥事都那么急啊。”",7423,108
"
吃了两碗又盛
",38,男,"


回家，看见小外甥来了，正和我儿子玩打仗游戏。我儿子大些，拿着一棵芹菜，口中念念有词:犯我大 芹者，虽远必诛！",1188,14
"
36D傻晴°
",25,女,"


下午店长不小心把一杯咖啡撒到一个超级爱撒娇的女同事身上了，女同事又捶又踢的嘴里娇娇的嚷着:都是你，都是你！现在这样我怎么办啊？",7655,58
"
一颗葡萄°
",23,女,"


同事老是想往我腿上坐，刚才脑筋一转，在她坐上来的一瞬间，我竖起了中指，",6995,115
"
一抹笙香
",31,女,"


上班的路上有人养了鹅，割了小屁孩的！！",250,6
"
老巫婆～～
",13,女,"


有次做梦梦到自己正低着头走路呢，结果撞到了墙上，我很生气，决定要把墙撞破，看你以后还撞我的头。迷糊中连脚也用上了，然后“砰”的一声～睁眼一看，老公一脸懵的坐在地上看着我：媳妇，地震了吗？我都给震到床 底 下了！[捂脸][捂脸]

",2780,26
"
贝格格*
",19,女,"


表弟结婚，说表弟媳妇找不到伴娘，表非让我给他媳妇当伴娘。。",7466,71
"
狐地瓜
",28,男,"


路边有卖山寨木糖醇的，3块钱一瓶，5块钱两瓶，图便宜买了两瓶。",4007,70
"
song六月的雪
",35,男,"


候耀华:你叫什么名字。安娜金:俺那紧,想拜您为师。候耀华:好,你可知道在我这拜师有个规矩就是要想学的会跟着师父睡。安娜金:这个我懂,一日为师吗。

",949,13
"
没船的船长
",37,男,"


有次组织出去春游，中途休息，我们席地而坐，一女子爱干净，嫌地面很脏要坐我肩上，结果太用力，一屁股坐到我头上了，别说，软乎乎的！

",364,10
"
y苏苏
",30,女,"


对门迟姨老公早逝，女婿在外地当兵，女儿婚后就跟女婿去外地了，家里就她一人。",3389,65
"
二.狗.子
",29,男,"


那年我被三姨家姐姐骗去传销。那几天真可谓人生巅峰。天天有美女陪着。衣食住行都有专人伺候着。各种方法让我上道可我就是油盐不进。没过几天那个小窝点的女头目直接把我遣送了。理由是没钱不说还贼能吃。在我这在呆几天。都给吃黄了！

",2075,34
"
沉睡的烟火
",22,女,"


睡觉不打呼噜的人。永远不会体会的尴尬。。以前做公交车。夏天。热。容易睡觉。坐着坐着就睡着了。直到有人叫我。是个大爷。。靓女。我有心脏病。你打呼提不上气。我容易犯病。。。。

",1350,24
"
直径8
",0,男,"


一天，我摸着老婆的胸说：“你的胸怎么这么小啊？”",954,8
"
伍点四十
",19,男,"


今天去姐姐家玩，看到姐姐正在熊上小学的外甥，就问怎么了，我姐说：“你外甥上课不认真听讲，老师找我好几次了，我问他你上课是不是想你那王者荣耀了，他还顶嘴说没有，就是想想怎么玩赵云”。我听完愣是没敢提当年和外甥语音开黑，告诉他你没事想想赵云怎么用。。。

",248,2
"
ぃ动感超人お
",22,女,"


刚才某招聘网站打电话过来说我们购买的套餐快到期了，问我们是否续费，由于我们公司是会员，续费需要提供注册时老板的名字和号码…",2118,14
"
不用标点符号
",25,男,"


晚饭后躺床上看手机   老婆色眯眯的贴过来",1679,31
"
晓颜诺诺
",27,女,"


周末去游乐园玩，有个迷宫的广告听起来很吸引人，我就去了，一进去我傻眼了，里面全是镜子，我拿个荧光棒戳着前面走，怎么走也走不出来，索性不走了，对着里面的镜子各种自拍…",8973,88
"
小胡子灬哥哥
",35,男,"


媳妇同学讲的！",1156,12
"
一个螃蟹
",24,女,"


同学高血压，去医院检查完，回来和我们说以后不能喝啤酒了，大夫说啤酒升血压，他要注意保养。。。。。。从那天开始他就改喝白酒了，已经保养了一个月了，好了不说了，我们要去买点水果去医院看看他

",465,2
"
棉花糖&
",22,女,"


听我妈说，我刚上幼儿园时，因为公立幼儿园离家比较远，老妈不放心，就把我送去了小区一个奶奶开的私人幼儿园。",713,27
"
一颗葡萄°
",23,女,"


刚女同事夸我：你的皮肤真好，年轻就是好啊，都不用保养的，",1477,42
"
不帅但很能干的人
",29,男,"


上小学时，一次因为打架，班主任让我妈来了学校，我妈出来带着我回家，在路上我一直怀着忐忑不安的心情跟着，没想到，我妈居然给我买了雪糕，还是我最喜欢的奶油味！",2776,48
"
蔚仁伟
",47,男,"


重感冒，早晨上班喝三倍说明书量的感冒冲剂，觉得特别困就买沙发上躺一会儿……结果从上午八点睡下午四点[大哭][大哭][大哭][大哭][大哭][大哭]而且醒来发现身上还盖着一条毯子……他们说单位老大来过……

",1726,32
"
笨笨笨蛋蛋丹
",23,男,"


本人在网吧里听说这么一件事，他庄里一个男的媳妇让另一个男的拐走了，结果拐走媳妇那个男的跟拐走他媳妇的媳妇过一块去了。

",287,13
"
流星，音晴未雨
",28,男,"


男同事婚假后归来，因没按婚前计划买车，惹恼了丈母娘，坐在办公室一脸惆怅，突然抬头一嗓子：把我丈母娘都气炸了，谁能给我一个补救的方法？",2254,23
"
与子偕老╰
",0,男,"


上学时，大家都讨论以后嫁人是选择坐在宝马里哭，还是坐在自行车上笑，选什么的都有，都对未来充满希望，可现实是我TMD选择了躲在被窝里哭[大哭]还有谁[捂脸]

",1982,48
"
帅帅的小涛哥
",31,男,"


一次，朋友踩着凳子到高处取东西，让我给扶着，一不小心凳子晃了一下，朋友吓得脸都变了，我连忙安慰:放心，把你摔成植物人了，我天天给你浇水施肥。

",1005,10
"
许你一世莫忧
",99,女,"


娃儿每天放学回来都开开心心的，问他幼儿园好不好玩，他都开心的回答好玩！",2240,38
"
就要死在你手里
",30,女,"


五岁的儿子和七岁的女儿在客厅吵得动起手来了，女儿一个劲的哭，烦人，我气势汹汹的跑过去准备教训一这下俩姐弟，还没开口，就听儿子对她姐说“就知道爱哭的孩子有糖吃，这家里唯女子与小人难养也，啍。”这……敢情我在他眼睛里就是个小人。哎，裁判不好当啊！

",269,0
"
偷惢
",27,女,"


恋爱的时候，第一次去老公家里吃饭～",3641,57
"
是你的某某
",100,男,"


院里领导让我开车去接人，是个监理，说是袁工（我们行业统称），我按照约定时间地点在等，酒店里出来一个像我们行业的人，拿着档案袋，打扮的半土不洋的，我就上前问是袁工吗，他说是，我就给他拉走了～～开出去五六公里了，再细问，人给拉错了，他是另外一个项目的监理，也姓袁，你说说这不是巧了吗这....

",2779,33
"
杭州哥哥呀
",0,男,"


女票是外企，单位传统圣诞节互动礼物，说是互送实际是礼物统一收上去，大家通过抽取号码拿礼物。她的礼物被一个男同事抽到了，她的礼物是口红，惊不惊喜，刺不刺激。

",1342,30
"
哎呀林子
",27,男,"


初中的时候第一次跟同学们去网吧玩CS，那时候叫半条命，而且有队友伤害，我第一次玩很紧张也分不清警匪，一开场看见队友也是突突突。同学队友们发现跟我解释不清警匪区别后，每一局开场队友们都一起先找到我，把我打死再出去迎战。

",9298,209
"
不喜欢星期一
",33,女,"


我爸是小学老师，记得小学开学了他让我去上学，我想上学多不开心啊，没法疯玩了，死活不去，结果那天全校的人都看我爸拎着我打屁股，我哭的歇斯底里的，我想说的是，是亲爸不，下狠手打啊，屁股都打疼了好几天。

",300,4
"
白天哈晚上啪
",25,女,"


今天同学结婚，中午吃饭的时候新郎新娘敬酒。新郎到我们桌的时候说你们怎么都不喝酒啊，一个同学说我们下午都开车了，你喝吧，新郎说我晚上开了啊。哈哈哈哈果然是老司机

",3819,22
"
感情会员
",44,男,"


昨晚酒喝多了，今早上头还晕乎乎的。",3798,20
"
274c
",32,男,"


前几天店里来个美女。瓜子脸，为了套近乎，我说，美女感觉你好眼熟啊。。。你来过吧？美女很客气的说，我是大众脸，谁看都眼熟。。。。我看了看她。。哪能？大众脸应该是圆的。。你这分明就是保时捷的脸啊。。美女一下笑喷了，可是她感冒了。。喷我洗脸鼻涕。。。这他妈是铅笔脸啊。。。。。

",1536,17
"
甜甜柚
",19,女,"


==李婆婆来我家玩，不停的说着她们家那些陈年旧事！金毛低吼着不停的抓门！老妈告诉李婆婆，傻狗着急想出门！",1461,10
"
别评我是谁
",21,男,"


好消息!好消息!房产限购出""王炸""。连墓地也限购啦!""一人只限购一块墓地""。

",180,2
"
～淹死的鱼～
",27,男,"


昨晚家庭聚餐，姐夫喝醉了，在饭店门口躺着怎么都不上车走人，吵着还要继续喝，一群人苦劝无果…",1014,7
"
甜甜柚
",19,女,"


新来个同事小婷，领导让我带她，没想到昨天开玩笑时小婷突然摸我胸，我当时也没在意！",1726,46
"
我是你女神大人，
",27,女,"


小时候，过年时候街上捡了一张100元钱，非常高兴的拿去买鞭炮，直到挨了店主一巴掌之后，我才知道了有一种钱叫做冥币

",983,11
"
墙交术之霉
",26,女,"


就刚刚，我从后背拿出一个苹果给女朋友道：亲爱的，平安夜圣诞快乐。”女友嘟着嘴说：不要。”我又从后背取出一香蕉给她，她也不要。我取出一豆浆给她，她还是不要。我取出一iPhoneX给她，她哭着骂道：SB，你就不能送点带肉的礼物给我吗

",1027,27
"
姜斯拖洛夫斯基
",31,男,"


孩子上小学了，为了树立榜样和不影响她学习。现在电视不看了，牌不打了，游戏不玩了，应酬能推的也推了。每天早睡早起，下班早早回家，陪着女儿一起做作业，看书，练字。周末一起回去看看老人，爬爬山，散散步，逛逛公园。这样的生活，挺好！

",431,5
"
请叫我刘老师2
",19,男,"


在路上遇到一个女孩，她用粉笔在地上写着：我好饿！求好心人给我一些钱买点儿吃的。我看了之后立马跑到附近商店和早餐店买了6个馒头和1瓶水带给她。小妹妹看了我一眼，然后就把吃的接过来勉强吃的一干二净，旁边的路人也一直在夸我。她吃完以后，对我道谢，然后转身就走。我紧随其后，见她又在另一个地方写字，然后我又去买了6个花卷，当时，她看我的眼神，我永远不会忘记，在我的生命中，这也许就是心怀感激！

",590,8
"
小胡子灬哥哥
",35,男,"


那天卖菜，本来应该是685块，老板结账说五块不给了！递给我860，转身去买别的菜。",2134,38
"
y苏苏
",30,女,"


和老公闹了矛盾加上又感冒了，上楼时浑身无力，走路头重脚轻的。这不，刚才爬楼梯，走在我身后的老公眯着猥琐的小眼，拍了拍我的屁 股说到:妞，看你走路挺费劲的，要不哥背你上楼吧。",1244,25
"
巫婆家的丑茄子
",28,男,"


老爸无肉不欢。有一次跟老妈吵架，饭桌上只有白菜豆腐。老爸赌气的走进了厨房",4634,36
"
我叫闰土
",44,男,"


为什么在社会上学渣比学霸混得好，因为学渣在校要应付老师，在家要对付家长，上下打点，八面玲珑，抗压能力强。到社会上吃的开。学霸在校老师表扬，在家家长娇惯，养成以自己为中心，別人让着他天经地义。这样的人到尔虞我诈的社会上……我说的不是全部啊！↙

",593,43
"
王云（笨笨）
",24,女,"


楼上李阿姨，前天她老公出差回来，这家伙，两天没见着人。",957,41
"
不帅但很能干的人
",29,男,"


开车接哥嫂和侄儿回父母家，在门口停车时，嫂子看到旁边有家新开的美容院，开业酬宾可以免费体验一次，嫂子看离吃饭的时间还早，想去试试，就让我们先回去，我哥让嫂子小心点，别被忽悠了，交很多钱，办什么卡！",4162,20
"
直：：男
",39,男,"


上级专家王主任来坐诊，今天病人特别多，性 病的有十几个。下午快下班时候不忙，谈论起找小 姐这个事儿，我似笑非笑的试探：“王主任，作为男性 病方面的专家，您要是去找，肯定传 染不上什么病吧？！”",1064,32
"
李李大本大本事
",30,男,"


一同事青光眼很严重，到了天稍微黑点就啥都看不见了，单位直接给他办理了残疾证，这是背景。一傍晚该同事开着自己的老年代步车在路上，嘭的一声撞上了前面一大哥的车，大哥下来就嚷嚷，你瞎啊，只见同事拿着残疾证下车说到，你咋知道的，我有证。大哥直接笑场，上车走人了。

",4133,50
"
这个名没有注册过
",39,男,"


甲：“我都40岁了，我老婆还经常夸我年纪小。”乙：“怎么夸的？”甲：“跟我斗，你还嫩了点儿！”

",253,1
"
症迫强有滴读着倒
",31,男,"


杀年猪，回去吃肉，雪白的大白菜炒肉片实在是美味极了，突然女儿噎住了，一下子吐了出来，想着女儿已经吃了小半碗，就劝她喝点汤，看会儿电视，女儿:奶奶真是的，白菜也不切小一点。说完端起碗细嚼慢咽得又吃了起来，最后又吃了一碗。

",929,12
"
只能在你梦里浪
",28,女,"


去表姐家做客，姐夫不在家。表姐边做饭边唠叨:“遛狗去了！买了条萨摩耶，每天下班兴致勃勃去遛狗！带孩子都没这么积极！”",1407,16
"
王八与蛋
",32,男,"


朋友见了相亲对象，相亲对象是省篮球队的。他们相谈甚欢，情到深处时，相亲对象2米多的臂展愣是没搂全我朋友的小蛮腰……[捂脸]

",1942,38
"
Kwj啦啦
",32,男,"


我一哥们姓尚，名清华。爹妈从小就希望他能上清华，哥们是真的争气，初二就把同班一个叫李清华的给整怀孕了，提前完成二老的心愿。嗯，他还活着

",7412,67
匿名用户,不详,不详,"


我：“医生我好像发烧了，您给看看”医生：“哦，知道什么原因吗？”我：“应该是昨天受凉了”医生：“哦，那你想吃点什么药？”我“应该吃点头孢再配点金银花冲剂就行了”医生：“嗯，下一位” ！

",4639,110
"
饮最烈的酒、艹最爱…
",30,男,"


儿子从幼儿园到现在一年级，学校开家长会都是我去，每次都不想去，每次都拗不过老婆，这不明天又开家长会，我只字未提，老婆却按捺不住了：“这次怎么不闹着让我去了？”我转身朝她笑道：“每次家长会就我一男的……”还没等我把话说完，老婆便说：“明天你不用去了！！！”

",1578,14
"
一颗葡萄°
",23,女,"


在拍乳液，完事后，小侄子双眼通红的看着我，大惊之下问他怎么哭了？",4440,40
"
拂去烟尘
",25,男,"


昨晚小学同学聚会，一个哥们说了个笑话：记者问一男子，你干过班长吗？男子却扭头问媳妇，你当过班长吗？媳妇说当过。男子于是扭头回记者说，干过。

",1812,16
"
小小小雪丽，
",24,女,"


这大冬天的谁能体会冻成狗的节奏，关键楼主南方人还特怕冷ಥ_ಥ，今天居然在大良看到一个男的穿一件衬衫和短裤，什么概念？是我老了还是？。。。（由于今天没带手机出门无图[大哭]）

",949,61
"
呵呵呵一气呵成
",30,女,"


上午让他去给我买了个小戒指，然后为了感谢他，我说：我要减肥，才能配得上你给我买的这个戒指。他说：那你的意思是你配不上这个戒指了。我说：是的，这么小的戒指需要纤细的人，像我这样的只能配得起大戒指。

",225,0
"
(糗名昭著)~魅儿…
",28,女,"


在酒吧玩，有个帅哥过来搭讪，左手抓住自己右手胳膊，对着我闺蜜说：“哎呀，我控制不住自己的手了。”然后摸了摸闺蜜的头发。",2636,47
"
一颗葡萄°
",23,女,"


几个同事昨天来我家玩，看到床头有酸酸乳的箱子，赶紧跑过去伸手就拿！我赶紧叫道:不要……",2873,47
"
匿名者~无名
",27,男,"


昨晚喝多了，半夜爬起来迷迷糊糊着去厕所，被一个站在女厕门口为老婆站岗的男人指引进了女厕所！",7463,64
"
不帅但很能干的人
",29,男,"


公司一男同事，一米八以上的壮汉，昨天在路上，因为被三个混混模样的人，其中一个踩了脚，因对方拒绝道歉，把那三个人打趴下了，被警察带到了派出所！",3608,70
"
甘肃静宁苹果
",26,男,"


今天终于完成了多年的心愿，把邻居家刚结婚四天的小媳妇我追了三年的马子给ri烂了，我只能对邻居家小哥说:都四天了，你没把媳妇破处就不能怪我怪我咯，我只能帮你到这了，还有要告诉你的事，你媳妇只是垫了姨妈巾而已。

",236,3
"
身若琉璃
",28,男,"


高三毕业，出门玩，在家附近刚好遇到同学。",1065,11
"
岚枫谷
",100,男,"


老家一朋友借我信用卡买车。",957,27
"
偷惢
",27,女,"


火车上，看到有推 销袜子的，号称钢丝袜。刚好在我旁边，看他口沫横飞的吹嘘这个袜子怎么怎么结实，并拿出钉子来回刮居然不坏，连毛也没起！",1303,31
"
偷惢
",27,女,"


婚礼那天，刚下婚车看到公婆在门口迎接我，一紧张腿发软居然跪下了！围观群众纷纷夸赞这户人家找了个孝顺的好儿媳，在周围夸赞的目光下飘飘然的进门了，公婆乐得塞给我好几个大红包......",13406,132
"
孤独求拜！
",40,男,"


小王把表嫂子的女儿莉莉介绍给孟总处对象。相处一个月不到分手了，不幸的是莉莉怀孕了。表嫂子找小王兴师问罪，小王“我介绍你们处对象，我让你们上床了吗？又不是我干的，怪我干嘛？”。表嫂子灰溜溜地走了。

",354,4
"
～淹死的鱼～
",27,男,"


楼主装修工一枚，那年在外地，为了省钱，租了套老屋住，一个月300，老屋很旧了，墙壁有的地方黑，有的地方黄…",6323,78
"
巾帼英雄小木兰
",68,女,"


昨晚平安夜遛弯回来看到卖棉花糖的，瞬间融化了少女心，，，回家把棉花糖扎桌子上，舍不得吃！！",2827,51
"
懒懒de情锋
",100,男,"


晚上我在沙发上坐着，四岁的儿子拿着笔来找我，让我教他画画，不小心笔戳我脸上了，小家伙连忙说“对不起对不起！”",3150,10
"
y苏苏
",30,女,"


上午在办公室写稿子写的头昏脑胀，就起来给自己冲了杯咖啡。",1531,22
"
远看山有
",36,女,"


“说个你们当地奇葩的习俗，让我们开开眼界”我们那有个说法叫“六月十三道不干”，奇怪了每年六月十三不下大雨也下小雨！

",228,1
"
沧州是个大城市
",29,女,"


朋友给介绍个对象，今天相亲，聊了会朋友走了，留我和那位男士闲聊，我老家德州，他大概打破尴尬找话题，问我们德州除了扒鸡还有什么有名的东西？我说没有了吧。他说你们德州扑克挺有名了，全世界都在玩…我以为他是冷笑话，当我发现他一本正经的时候，我在想怎样才能保住他面子的向他解释~

",900,53
"
是魔不成佛
",31,男,"


领导帮了我一个忙，满怀感激，想请他吃顿饭。但是身上就只带了一百多块钱。就和领导直说，今天没带钱，改天请他吃饭，领导说要的要的。下班碰到一朋友，于是一起去吃饭。完事我俩挣着买单的时候，突然后面传来领导的声音:你们俩要不连我的一起结了。。。。。。

",1734,12
"
沉睡的烟火
",22,女,"


先有糗百。再有快手。快手好多段子都是看糗百段子拍的。为什么快手比糗百火。有点不甘心。黑衣大哥哥。你日点批。多看点糗百。少经营点窑子。多经营点糗百

",1006,30
"
漠上苍狼独啸月
",32,男,"


一哥们很苦恼，他认识了一对双胞胎姐妹花，一样的漂亮，他想向其中一个表白，又不知道该选谁。",968,7
"
黑色曼陀罗5005…
",19,男,"


刚刚不小心撞死人了，然后被巡逻路过的两个敬茶看见了，一着急就把他们两个也给撞死了。现在我躲在树丛里，外面一大堆警车在找我，求好心人帮帮忙，给个侠盗飞车输坦克的密码，或者消犯罪星星的密码也行，快点，要下机了。

",338,11
"
匿名者~无名
",27,男,"


昨天侄儿与人干仗，打输了哭哭啼啼回家，被我哥训斥了一顿说他没用。今天在外又和人干仗，跑回家兴高采烈地对我哥说:今天我赢啦！",8052,50
"
山高哪碍野云瞎飞
",40,男,"


媳妇昨晚睡觉前，不知是闪了腰还是岔了气。反正不敢翻身，哼唧了一会儿也就睡了！我半夜梦醒，感觉一片寂静。一种不祥的预兆油然而生！心梗也有放射性疼痛啊！媳妇会不会是心脏病发作呢？越想越怕，赶紧把手凑到她的鼻子下，看看有没有呼吸。“有病啊！你要干啥？”媳妇突然说话，吓了我一跳。我是怕你有病啊！话到嘴边，我又咽了下去。算了，活着就好，还是继续睡觉吧！

",1159,14
"
猪头小小败
",31,女,"


我妈妈平时很凶，老是骂我。有一次一段时间没过来了，一大早突击检查来我家，进屋闻到一股子臭味。气的不得了，说我懒得家里都发霉了，一直骂",1035,11
"
山高哪碍野云瞎飞
",40,男,"


小时候贪吃，那时候也没什么好东西。有一回，我妈做了个小手术，我奶奶做饭时就给煮了两个鸡蛋。我非吵着要吃～～最后，我妈气的一个没吃。我奶气的把我揍了一顿。我呢？我哭着把两个鸡蛋都吃了！

",1913,51
"
笑靥未必如花
",38,女,"


论吃货是怎么形成的！刚上初中，住校，两个星期回一次家，于是爸爸妈妈给我说好，两个星期给我五块钱零花钱（吃饭的钱另算）。第一次回家，当我喜滋滋的把四块八毛钱嘚瑟给父母看的时候（回家还要过轮渡来回一次一毛），我哥在旁边摇头说“这么不会花钱，将来怎么挣钱？”于是，从第二次开始，我就过上了三天之内花光所有钱然后眼巴巴盼着回家的日子。。。现在说起来我的败家，我妈都恨不得把我哥给拍死。。

",262,3
"
假装情侣丶
",19,男,"


又是同学聚会了，想起当年自己高考的时候考的非常差，不由得心里不是滋味。。。不过转过头看见那些600多分的同学聚在一起在桌子旁等我，不由一阵得意，慢吞吞的走着。。。突然，一个人坐不住了，说道：“你倒是快点啊，上菜的！”

",1100,8
"
一颗葡萄°
",23,女,"


表弟和女朋友吵架了，问原因，昨晚去约会，表弟对着女朋友山盟海誓，甜言蜜语，他女朋友感动的一把眼泪一把鼻涕的要和他长长久久的在一起！",12417,51
"
一只小妖精。
",18,女,"


我哥14年花13万买的朗逸，他一朋友同时以13万交的首付买的房子。今年他的朗逸贬值为8万，朋友的房子市值120万。。。。

",1659,70
"
你用户名已存在呐
",0,男,"


讲一个我们邻村的事，一个妇女赶庙会去了，走到半路碰到骑摩托的俩小偷，看到她带了两个金耳环，就下来把她截住，耳环给要走了，这个妇女也没管这事，想着要走就要走了吧，又陆续去赶庙会了，谁知道刚走了一会，那两个小偷又回来了，下车就开始打她，边打边说:让你装有钱人，让你装有钱人[大笑][大笑][大笑]

",2415,21
"
总有刁民想揍郑
",32,男,"


今天带女儿去医院，等红绿灯的时候，女儿看到一交警，就问我，带眼镜也可以做交警，我说可以的，她来了一句，这个交警带眼镜好丑，然后就扭头看其它地方了，你才五岁啊，你这是要上天吗

",288,0
"
单眼皮男子
",25,男,"


我们公司老板今年48，体格很硬朗。开的保时捷家里有别墅。整个公司都知道，他20年前快结婚的时候，未婚妻出意外死亡，从小无父无母的老板，到现在把她家人当自己爸妈伺候了二十年，而且至今单身终生不娶。我今年26被他故事感动，决定我要代替她的位置，让他以后幸福下去，虽然他比我大很多，但是我觉得这都没关系。没有什么能阻挡爱情，我们情投意合互相都很喜欢彼此。希望大家祝福我们。现在唯一的问题就是我的父亲不同意，不是因为他的年龄。而是因为我母亲父母都说 咋们家去别人家以后不会有好日子，人家那么有钱我们配不上，我
…
",592,52
"
沙漠冷蛋
",24,男,"


去小姨家吃饭，刚进小区看见十二岁的表弟正被几个大孩子揍的不轻，我大喊一声挤过去，把表弟推出包围圈，叫他回家看有木有结实的棍子之类拿过来，我帮你收拾这群坏孩子。",3128,46
"
糖心么么哒
",25,女,"


我真的特别不建议那些因为小三和老公闹得死去活来，一夜夫妻百日恩，偷偷买点泰国人妖吃的雌激素药或者妈富隆加饭里给他吃，回头你再找个好男人嫁了，做不了夫妻你们还可以做好姐妹……

",1758,48
"
黄山小妖
",24,女,"


回家晚了，被拿着棍子的老爸，狠狠揍了一顿！事后，老妈抱着我，问道：“疼吗？”我哭着说道：“疼...”老妈又问道：“恨你老爸吗？”我说道：“不恨...”老妈感叹道：“哎，女儿就是跟爸亲，这么打你，你也不恨他...”我淡定的说道：“我为什么要恨他？要不是老妈你刚才喊了句，给我打！老爸根本不会打我...”

",2811,8
"
笑笑跳跳闹闹
",31,女,"


老公是钣金工，最近一直修一台大翻车……割割割割……昨晚半夜突然摸着我的脸还用手摁了摁说：这腻子咋还没干？

",301,5
"
想到最浪漫的事
",24,男,"


前些天给朋友结婚当伴郎，朋友提前给我说两个伴娘都是美女，一定要抓住机会，在婚礼举办的前一天我就知道我朋友说的是对的，可是朋友没说她们两都有男朋友。

",3304,99
"
西門吐血
",24,男,"


同事找了个小三  被他老婆发现了  那天他老婆就悄悄跟踪小三  亲眼看到小三进了宾馆   遂跑到前台问服务员  小三开的哪个房间  然后到了房间门口把门打开进去一看  里面的男人不是自己老公  傻了眼  最后顿了顿  还是上前不停的扇小三耳光  边扇边说  我让你背叛我老公 让你背叛我老公  背叛我老公

",4158,52
"
请叫我刘老师2
",19,男,"


我最近在减肥，但是过了一个月反而胖了5斤，我正纳闷的时候，听见老婆跟闺蜜打电话说：哎呀，你不知道我老公可有意思了，他每天晚上睡觉都要磨牙，嘴巴还吧唧吧唧的，我就拿着吃的往他嘴里塞，你猜怎么着，他居然就这么一口一口的吃了，一晚上能吃不少呢！

",1392,19
"
摆正位置
",27,男,"


▼昨晚用女友手机给她闺蜜发了条短信：“我怀孕了。”结果，回复了条：“是你男友的还是XXX的？你先别和你男友说。”

",4146,51
"
还是朋友吗？099…
",40,男,"


年过35的大叔，到婚姻介绍所里找对象。一位婚姻中介员过来介绍说：“这位大叔正好我这有位38的阿姨.不过她带着一个小孩”这位大叔一脸嫌弃的说：“这年纪有点大了吧，那她还有什么资料.”这位中介员说道：“这位阿姨其实挺可怜的.19岁的时候被骗了.20岁生了个女儿.那男的跑路了不要她们两母女.直到...”大叔立马怒哄：“别废话！我就要她……”

",331,5
"
江山未老红颜旧
",32,女,"


老公沉默寡言，我就显得喋喋不休了，说半天他才回应一两句。",5081,95
"
晓颜诺诺
",27,女,"


小区门口新开了家美发店，今天去洗头发，洗头发的小哥特别帅，我决定要给帅哥留个好印象…",1738,34
"
微微一胖也倾城
",40,男,"


小时候捡到过一个戒指，滚花的环戒，当时觉得很漂亮，兴冲冲举着拿回家邀功，我那傻逼表哥学着电视里的样子搁嘴里啃了一口，然后呲牙咧嘴的说啃不动，铁定是假货！然后顺手给扔门外了……几年后表哥结婚，给表嫂订婚戒的时候看着婚戒内侧的pd990字样，露出了牙疼的表情……

",1098,19
"
我是煮茶
",32,男,"


我今天醒来，发现我的袜子里鼓鼓的，我居然也有圣诞礼物！",1069,22
"
省委书记沙瑞金
",29,男,"


社保分为个人账户和统筹账户，个人账户是自己的交的部分，公司交的进去统筹账户，众所周知，公司交的比个人交的多，社保又规定，如果退保或者未到领取年龄去世，只能取出个人账户的，统筹账户的就归国家了？？凭什么？有没有学法律的，这样合法吗？依据是什么！公司给我交的，我为啥不能领取！为啥交15年中间断了就各种事情？有人回答吗？没有的话我换个地方问问！

",267,9
"
黄山小妖
",24,女,"


老公正在看电视，我在擦地，结果我发现沙发隔板底下夹着一只袜子，我一把将它拽了出来！里面居然还装着两千块钱...老公看见后，一把抱住我，淡定的说道：“老婆，圣诞节快乐！”老公真是太有心了...

",1213,35
"
〈女监〉男监狱长
",28,男,"


今天和老婆吵架了，我生气的喊到：你信不信我去红  灯  区！老婆看了我一眼不屑的说到：去就去呗这几年你光买六味 地 黄 丸就养活了一家制药厂，到时候里面的女 人不把你轰出来算输…………

",12260,179
"
一颗葡萄°
",23,女,"


小时候姥姥家旁边有一个扒倒的土房子，还有半人高的土墙没扒干净，我和表哥表妹几个就在土房子里捉迷藏，",1061,13
"
喵(^_-)※
",13,女,"


回老家看望80多的姥姥，姥姥拉着我的手问有对象了嘛？",1700,48
匿名用户,不详,不详,"


驾校不是有分自动档和手动档吗？有次和朋友在电梯里面看见了，我说：现在报驾校还多好的哈，自动档就是打电话过去就自己报名了，手动档就是语音的。朋友一脸黑线：别说我认识你。。。。

",265,1
"
我是煮茶
",32,男,"


我表弟初中的时候，被老师叫办公室去谈话，我去接他回家。    表弟不服，对老师说：“老师，我真没作弊！他们诬 陷我的！他们什么都乱说！他们说我早恋，你也信吗？”   老师打量表弟许久：“那打死我也不信！”......空气突然安静了……

",1870,39
"
我被苍井空包养了
",21,男,"


公共场合要注意素质，不要大庭广众之下秀恩爱。记得某次高中放学，哪天不记得了。有一对情侣在一个小车站，距离学校不足一百米的地方就开始乱啃。也不照顾照顾周围人的感受。其他人只敢小声嘀咕。没有一个人制止他们。只有我一个人挺身而出。趁对方乱啃的时候，瞬间扒下男方的裤子。这男的智商明显不高。裤子没穿就想跟我干架。

",1370,19
"
晓颜诺诺
",27,女,"


上火了，舌头上长了好多泡泡，吃饭都疼得直叫唤，儿子问我怎么了，我说：妈妈嘴里长了好多泡泡…",3628,30
"
吃了两碗又盛
",38,男,"


糗 百礼包收到了，里面有一盒铁罐装曲奇饼干。下班回店，看见媳妇和她两个闺蜜要出去吃饭，我把饼干拿出来拆盒上的封条，说:正好赶上了，你们都尝尝，，我的奖 品。",1038,29
匿名用户,不详,不详,"


昨晚做梦啪啪了，对方居然是老婆，你妹的，做梦也不能给劳资换个人。

",329,8
